15 Romolo,http://blog.hihostels.com/wp-content/uploads/2012/11/15-romolo_s660.jpg
20 Spot,http://www.theclearancespot.com/The%20Clearance%20Spot%20Home%20Page_files/Red%20Spot.png
440 Castro,http://farm5.staticflickr.com/4053/4516554359_dc26b941cc_z.jpg
83 Proof,http://media-cache-ec0.pinimg.com/736x/6e/0d/e2/6e0de293fc7b49571882d9c5019f345c.jpg
Acquerello,http://www.acquerello.com/indexSlideShow/lib/images/01.jpg
Amelie wine bar,http://s3-media4.ak.yelpcdn.com/bphoto/icWngbmGIYYsT9SiOLJW3g/l.jpg
Anchor Oyster Bar,http://media-cache-ak0.pinimg.com/736x/f5/83/f4/f583f4b2fae4aabdad1bae02dfd4ba86.jpg
Asiasf,http://asiasf.com/wp-content/uploads/2013/11/AsiaSF_Best-San-Francisco-Restaurants-e1373152623304.jpg
Aunt Charlie's Lounge,http://s3-media2.fl.yelpcdn.com/bphoto/1nnzpxw_hwbX7GuJFwjkng/ls.jpg
Bar Crudo,http://insidescoopsf.sfgate.com/files/2015/10/d.26barcrudo066_mk.jpg
Barbacco,http://thirty4thirty.files.wordpress.com/2011/12/2010_01_barbacco.jpg
Basil Canteen,http://farm4.staticflickr.com/3220/2778230245_49d0110429_z.jpg
Benu,http://thisguysfoodblog.files.wordpress.com/2013/02/dsc_0813.jpg
Biergarten,http://cdn.wdwmagic.com/imgstore/ElementGalleryItems/dining/Fullsize/Biergarten_Full_10330.jpg
Bix,http://img2-ak.lst.fm/i/u/300x300/93fdb3af6d0f44ee9a321f7293d039e4.jpg
Blackbird,http://www.bird-friends.com/pics/BrewersBlackbird/BrewersBlackbird3LR.jpg
Bloodhound,http://bunkblog.net/wp-content/uploads/2013/05/BH81.jpg
Blue Barn Gourmet,http://media-cache-ak0.pinimg.com/736x/38/a2/9b/38a29b6a99ef54866112311c26990deb.jpg
Blue Bottle Coffee,http://www.thisyuppielife.com/wp-content/uploads/2009/06/blue-bottle-coffee_edit.jpg
Bocadillos,http://media-cache-ak0.pinimg.com/736x/bd/e8/26/bde826ad1d1d2d07a4df4af60817798b.jpg
Boom Boom Room,http://gt0.guestofaguest.net/wp-content/uploads/wppa/post_thumbs/boom_boom_room.jpg
Bottom of the Hill,http://www.bottomofthehill.com/BOTH20+.png
Boulettes Larder,http://mocoloco.com/vote/wp-content/uploads/2014/02/boulettes_larder_restaurant_kallosturin.jpg
Boulevard,http://upload.wikimedia.org/wikipedia/commons/1/1b/Paris_boulevard_macdonald.jpg
Bourbon and Branch,http://www.classicmixology.com/sites/classicmixology.com/files/imagecache/venue_photo/1540/bourbonandbranch2.png
Boxed Foods,http://couponsavingsista.swtstylez.com/wp-content/uploads/2012/02/boxexCanned.png
Brazen Head,http://www.americanpublichouse.com/2010.04/the_brazen_head_dublin_ireland/BrazenHeadPodge2.jpg
Brenda's French Soul Food,http://cyneats.com/wp-content/uploads/2014/06/brendas.jpg
Buddha Lounge,http://aplaceinprestwich.files.wordpress.com/2014/02/lead.jpg
Buena Vista Cafe,http://media-cache-ec0.pinimg.com/736x/59/b1/6d/59b16dd5de31229d1c274feb68c20e86.jpg
Burritt Room & Tavern,http://sfplayhouse.org/sfph/wp-content/uploads/2015/08/burritt-tavern-dining-room-.jpg
Butler & the Chef,http://farm4.staticflickr.com/3392/3223836762_1d89d3f7b3_z.jpg
Butter,http://www.firsttimerscookbook.com/wp-content/uploads/2012/10/Butter.jpg
Butterfly Lounge,http://cdn.hotfrog.com/companies/Butterfly-Lounge_30594074/images/Butterfly-Lounge_30594074_868442_image.jpg
Cabin,http://upload.wikimedia.org/wikipedia/commons/e/e6/Luce_Cabin_sm.jpg
Cafe Jacqueline,https://cdn3.gbot.me/photos/3F/fv/1318288629/-Cafe_Jacqueline-20000000001983954-375x500.jpg
Cafe Zitouna,http://s3-media1.fl.yelpcdn.com/bphoto/xqW7FhawfSv3HuQ_1-dtpg/ls.jpg
Cafe du Nord,http://upload.wikimedia.org/wikipedia/commons/0/07/Main_entrance_to_Cafe_Du_Nord_cropped.jpg
Caffe Trieste,http://upload.wikimedia.org/wikipedia/commons/6/63/Caffe_SanMarco_Trieste_2.JPG
California Wine Merchant,http://thebarrelbuzz.com/wp-content/uploads/CA-Wine-Merchant-3.jpg
Cantina,http://4.bp.blogspot.com/_XxeuiLHbZo0/TJLbBE6DnyI/AAAAAAAAHko/5-G74ivNaMI/s1600/IMG_2102.JPG
Cat Club,http://www.siberian-cat-club.co.uk/file/564
Cheese Plus,http://www.seriouseats.com/images/2015/02/20150219-grilled-cheese-kimchi-sandwich-vicky-wasik-1.jpg
Chez Maman,http://4.bp.blogspot.com/-LrOoR3lQTZE/UCrXBbgePgI/AAAAAAAAJLA/FRMtjrRLbEw/s1600/1.%2Bentrance.jpg
Chow,http://2puppies.com/wp-content/uploads/2015/06/Chow-Chow-puppy.jpg
Churchill,http://3.bp.blogspot.com/-ZwKizmO_TjY/T7ztKjmsITI/AAAAAAAABo4/jebHZVv-7Z0/s1600/winston-churchill.jpg
City Beer Store,http://media-cache-ec0.pinimg.com/736x/49/4a/38/494a382dee6949587ac7416d289dc69a.jpg
City View Restaurant,https://www.harmonysaigonhotel.com/admin/upload/dinning/LE-PANORAMARestaurant3.jpg
Club Deluxe,http://jstandards.com/sites/default/files/images/clubdeluxe.jpg
Coi,http://images.dpchallenge.com/images_challenge/0-999/802/800/Copyrighted_Image_Reuse_Prohibited_633697.jpg
Commonwealth,http://www.ispilledthebeans.com/images/commonwealthmap.jpg
Comstock Saloon,http://media-cache-ec0.pinimg.com/736x/cd/93/5d/cd935d8f9dab05e77107a8bff779334b.jpg
Cotogna,http://www.rosmarinonews.it/wp-content/uploads/2013/12/mele-cotogne.jpg
Dante's Weird Fish,http://3.bp.blogspot.com/-cyn6VdSC9fw/UnbhO9a1AsI/AAAAAAAADLw/YJ9-RQTCdW8/s1600/Dante's+Weird+Fish+~+B@E+~+11-03-13+021.JPG
Destino Nuevo Latino Bistro,https://media-cdn.tripadvisor.com/media/photo-s/01/f3/1e/f2/el-mejor-sitio-para-comer.jpg
Dinosaurs,http://4.bp.blogspot.com/-jBa0m6V5VGI/TgXFVpZ-s4I/AAAAAAAAAEM/X7TIPf4IiQQ/s1600/Games_Dinosaurs_012558_.jpg
Dosa,http://www.cravebits.com/wp-content/uploads/2014/12/Dosa.jpg
Dottie's True Blue Cafe,http://img2.wikia.nocookie.net/__cb20120809203340/sf-wikia/images/9/9c/Dotties.front_.jpeg
Edinburgh Castle,http://tourguider.co.uk/wp-content/uploads/2015/06/E-F-G-Edinburgh-Castle1.jpg
Elixir,http://www.weleda.co.nz/www/1200/files/organic-cough-elixir.jpg
Farm:Table,http://www.bobreuterstl.com/wp-content/uploads/2015/04/rustic-farm-table-plans.jpg
Fatted Calf,http://alittleyum.files.wordpress.com/2010/11/fatted-calf.jpg
Ferry Plaza Wine Merchant,http://images.canusa.de/img/regionen/usa/suedwesten/kalifornien/san-francisco/embarcadero-transamerica-pyramid.cr600x400-0x487.rgb.600x.jpg
Forbes Island,http://static.panoramio.com/photos/large/17515974.jpg
Foreign Cinema,http://www.foreigncinema.com.php53-23.ord1-1.websitetestlink.com/silvernitrate/wp-content/uploads/2012/10/ForeignCinema-242.jpg
Four Barrel,http://theshot.coffeeratings.com/wp-content/08-2h/FourBarrel_2106.jpg
Frances,http://images5.fanpop.com/image/photos/31000000/-Frances-frances-bean-cobain-31030797-825-519.jpg
Frascati,http://upload.wikimedia.org/wikipedia/commons/4/45/San_Pietro_Frascati-IMG_0765.JPG
Gangway,http://www.clowgroup.co.uk/img/gangway-ardfernmarina.jpg
Gary Danko,http://www.90plus.com/sites/default/files/imagecache/fotogalerij/Gary%20Danko_San%20Francisco,%20CA_Chef%20Gary%20Danko_Chef.jpg
Gitane,http://www.gitaneusa.com/images/models/modern/2002-Gitane-Mach1800.jpg
Goat Hill Pizza,http://media-cache-ec0.pinimg.com/736x/93/71/84/937184e727bbc783cc410f2dd2626654.jpg
Gold Dust Lounge,http://www.hotelshamrock.com.au/photogalleries/gold-dust/Gold%20Dust%20-%20At%20the%20Bar%2001.jpg
Golden Star Vietnamese Restaurant,http://s3-media3.fl.yelpcdn.com/bphoto/G0HV8wzyOzofD-v03WiQtw/o.jpg
Gott's Roadside,http://www.inetours.com/PagesWT/images/StHelena/Gotts-Roadside_2737.jpg
Grandeho's Kamekyo,https://media-cdn.tripadvisor.com/media/photo-s/01/f7/21/1a/inside-the-restaurant.jpg
Greens Restaurant,https://sftaoofpao.files.wordpress.com/2010/11/greens-dining-room-2.jpg
Heart of the City Farmers Market,http://static1.squarespace.com/static/51ee090de4b0de4b8d253d70/t/5200595be4b00bacedd0d426/1418533086260/?format=1500w
Hemlock Tavern,http://www.hemlocktavern.com/wp-content/uploads/2014/01/Hemlock_Banners413-1024x926.gif
Hi Tops,http://fashioncheer.com/wp-content/uploads/2012/08/Cool-High-Tops-for-Men-Style.jpg
Hi-Lo Club,http://retaildesignblog.net/wp-content/uploads/2012/09/Hi-Lo-smoking-club-Workshop-of-Wonders-Utrecht-04.jpg
Hog Island Oyster,http://farm4.staticflickr.com/3178/2450869900_637fdda573_z.jpg
Hole In The Wall Saloon,http://c0056906.cdn2.cloudfiles.rackspacecloud.com/7581.jpg
Hotel Biron,http://media-cache-ak0.pinimg.com/736x/5d/8c/4b/5d8c4b2fd0fa5c9e24d5b3748cca62f3.jpg
House of Nanking,http://www.sanfranciscodays.com/photos/large/house-of-nanking.jpg
Ideale Restaurant,https://www.foodnut.com/i/Ideale-Restaurant-San-Francisco/Ideale-Restaurant-San-Francisco-Interior-Decor.jpg
In-N-Out Burger,http://www.hipstercrite.com/wp-content/uploads/2012/06/in-n-out_animal_style.jpg
Jardiniere,http://www.christies.com/lotfinderimages/d57010/d5701026a.jpg
John's Grill,https://cdn2.gbot.me/photos/jJ/mL/1357353457/-John_s_Grill-20000000005551177-375x500.jpg
Kokkari Restaurant,http://www.sanfrancisco.com/kokkari-estiatorio/gifs/kokkari-estiatorio-pic2.jpg
La Palma,http://www.summitpost.org/images/original/390284.JPG
Lahore Karahi,http://www.trusted-gourmet.com/wp-content/uploads/2009/07/lahore1.jpg
Lardoise,https://cdn1.gbot.me/photos/YY/48/1289065374/L_Ardoise-L_Ardoise-20000000000857716-500x375.jpg
Lefty ODoul's,http://photos1.blogger.com/blogger/3760/2345/1600/P3260019.jpg
Leopold's,http://image.slidesharecdn.com/leopoldsmaneuver-100526140912-phpapp01/95/leopolds-maneuver-1-728.jpg?cb=1274900363
Li Po Cocktail Lounge,http://sanfranciscohomedecor.net/wp-content/uploads/2015/07/Li-Po-Cocktail-Lounge.jpg
Little Chihuahua,http://media-cache-ec0.pinimg.com/736x/d3/73/5f/d3735f8f3a4b56886455b68a1722b5c0.jpg
Little Star Pizza,http://s3-media1.ak.yelpcdn.com/bphoto/QXWjqud6sSFyNLosXpasXA/l.jpg
Locanda,http://www.magmire.net/wp-content/uploads/2012/04/Locanda.jpg
Lolinda,http://farm8.staticflickr.com/7418/8724383377_28f60c5c46_z.jpg
Lone Star Saloon,http://www.downtownhouston.org/site_media/uploads/photos/2010-02-12/Lone_Star_Saloon_KatyaHorner_800x600.jpg
Lucca Delicatessen,https://s-media-cache-ak0.pinimg.com/236x/4c/66/40/4c6640b2f39c0a35153be233c1d835f8.jpg
Madrone Art Bar,http://sonicvillage.net/wp-content/uploads/2014/05/the-bar1.jpg
Mama's on Washington Square,http://img2.10bestmedia.com/Images/Photos/7368/SFBV7MamasOnWashingtonSquare10D164_54_990x660_201404181450.jpg
Mario's Bohemian Cigar Store Cafe,http://www.northbeachshop.com/images/stores/Mario%27s/marios-07.jpg
Mars Bar & Restaurant,http://s3-media1.fl.yelpcdn.com/bphoto/d2SNaoO1aOR7WCK3BIea0A/348s.jpg
Martuni's,http://i.dailymail.co.uk/i/pix/2015/07/02/11/2A2AE0EE00000578-3147052-image-a-47_1435833952840.jpg
Michael Mina,http://www.miami.com/sites/migration.miami.com/files/images/mina.jpg
Midnight Sun,http://3.bp.blogspot.com/-uGUCmgu-YaU/UdumQ0qBn8I/AAAAAAAABIE/115DKLKun_k/s1600/Book-midnightsun.jpg
Mission Beach Cafe,http://www.missionmission.org/wp-content/uploads/2011/05/MBC.jpg
Mitchell's Ice Cream,http://s3-media1.ak.yelpcdn.com/bphoto/Kf5o367G3_zJRgQ_HKR0aw/l.jpg
Moby Dick,http://www.awesomestories.com/images/user/e126ff72d9.jpg
Molinari Delicatessen,http://c0056906.cdn2.cloudfiles.rackspacecloud.com/243968.jpg
Monk's Kettle,http://sf.tasteterminal.com/files/2012/03/monks-kettle.jpg
Mr. and Mrs. Miscellaneous,http://1.bp.blogspot.com/-ELbzin5vgko/T53GeylNtJI/AAAAAAAABvQ/TBjKSQ3vGX4/s1600/Mr_Mrs_Misc_MSTR_48404.jpg
Muracci's Japanese Curry & Grill,http://vittlemonster.files.wordpress.com/2012/01/photo-719571.jpg
Naked Lunch,http://trigonis.files.wordpress.com/2012/03/naked-lunch.jpg
Nijiya Market,http://s3-media4.ak.yelpcdn.com/bphoto/mdn1enLM1aRrueTuLTLVgA/l.jpg
Noc Noc,http://noc.transpac.org/index/noc-doc/file-bin/presentations/noc-photos/noc-stations-c.jpg
OMG,http://3.bp.blogspot.com/-VCS6vg9Bgk4/ThxHl9ypPlI/AAAAAAAAMoA/m3gRTRFY-QU/s1600/omg-omg-demotivational-poster-1262908211.jpg
Off the Grid,http://2.bp.blogspot.com/_OG1XWMOO8_M/TKv6wvH1cKI/AAAAAAAABzo/8dAhA_7AbCU/s1600/off+grid+1.jpg
Pancho Villa Taqueria,http://c0056906.cdn2.cloudfiles.rackspacecloud.com/13455-1.jpg
Park Tavern,http://s3.evcdn.com/images/edpborder500/I0-001/010/144/782-4.jpeg_/park-tavern-82.jpeg
Pat's Cafe,http://www.westkueste-usa.de/2010/images/San_Francisco-Pats_Cafe-003.jpg
Pause Wine Bar,https://47006bd19c074195238a-b0b757299a8f3a7022a498c3b4069649.ssl.cf2.rackcdn.com/media/covers/377/large-34ab169b70c9dcd3.jpg?1360865337
Pilsner Inn,http://s3-media4.fl.yelpcdn.com/bphoto/l9XZvfbEUAvazFUnO8MICg/348s.jpg
Pisco Latin Lounge,http://media-cache-ec0.pinimg.com/736x/1c/58/dc/1c58dceadc6a776f34c1842f912dbf22.jpg
Pizzeria Delfina,http://2.bp.blogspot.com/-xmIXXj2SvnE/Txd2OigjlfI/AAAAAAAAARc/Nt_Tw35d1Gw/s1600/20090102-delfina-marg.jpg
Punch Line,http://www.brainlesstales.com/images/2013/May/punch-line.jpg
Ragazza,http://ep.yimg.com/ay/yhst-42845564182199/ragazza-fashion-quinceanera-dresses-style-a72-272-7.jpg
Ramp Restaurant,http://media-cdn.tripadvisor.com/media/photo-s/01/29/cf/bf/kennebunkport.jpg
Range,http://www.driven.co.uk/wp-content/uploads/2013/01/Range-Rover-Vogue-1.jpg
Recchiuti Confections,http://media-cache-ak0.pinimg.com/736x/52/e1/f0/52e1f08b94c16b633811f8e639c7f3ed.jpg
Red Blossom Tea Company,https://blog.etsy.com/en/files/2012/08/Red-Blossom-Tea-26.jpg
Rich Table,http://2.bp.blogspot.com/-1aSu-CfLeJk/URh5bcMe-0I/AAAAAAAADas/zLVV7mdHvxU/s1600/Screen+Shot+2013-02-10+at+10.51.18+PM.png
Rickhouse,http://lebanexican.files.wordpress.com/2011/05/san_francisco_rickhouse_mixologists_erick_castro_kelli_bratvold_wb_km_2010-36_693_471_0_80_1_50_50.jpg
Rickshaw Stop,http://cdn2-b.examiner.com/sites/default/files/styles/image_content_width/hash/0d/9e/0d9e8f96ab5dd4552371a8883231400f.jpg?itok=aVD1mohJ
Ritual Coffee Roasters,http://farm1.staticflickr.com/182/470555875_cb228d4481_z.jpg?zz=1
Roam Artisan Burgers,http://www.thirstyreader.com/wp-content/uploads/2012/02/roamburger.jpg
Rosamunde Sausage Grill,http://www.missionmission.org/wp-content/uploads/2010/01/4285871603_1acdf48799_b1.jpg
Rotunda,http://upload.wikimedia.org/wikipedia/commons/b/bf/Rotunda_UVa_from_the_south_east.jpg
Ruby Skye,http://www.rubyskye.com/ruby/downloads/ruby_skye_photo4.jpg
Rye,http://upload.wikimedia.org/wikipedia/commons/7/79/Ear_of_rye.jpg
Réveille Coffee Co.,http://ww2.hdnux.com/photos/26/14/61/5819501/3/960x595.jpg
Sai Jai Thai Restaurant,http://s3-media3.fl.yelpassets.com/bphoto/AlAEMnjVqomeuHuwkgmg2g/348s.jpg
Saigon Sandwiches,http://graphics8.nytimes.com/images/2009/04/07/dining/08banh.1-1000.jpg
Samovar Tea Lounge,http://s3-media1.ak.yelpcdn.com/bphoto/OSpYraaxH7bl7YO59NAj7w/l.jpg
Scoma's,http://www.sanfranciscowatercolors.com/uploads/4/0/0/4/40049465/s993332985171276647_p36_i3_w1500.jpeg
Sentinel,http://news.toyark.com/wp-content/uploads/sites/4/2011/07/31610-ComicCon-Sentinel-out_1309982929.jpg
Shalimar,https://thecandyperfumeboy.files.wordpress.com/2015/01/shalimar-souffle.jpg
Slanted Door,http://veggiesetgo.com/wp-content/uploads/2013/09/the-slanted-door2.jpg
Slim's,http://www.tygerpipes.com/photo/1202-0b.jpg
Smitten Ice Cream,http://newfillmore.com/wp-content/uploads/2014/10/smitten-ice-cream.jpg
Sons & Daughters,http://3.bp.blogspot.com/-3-ZUL7VTJx4/T-XnePQFElI/AAAAAAAAe64/i0UHtLGcpXY/s1600/sonsanddaughters2.jpg
Sophie's Crepes,http://media-cache-ak0.pinimg.com/736x/7d/6a/3d/7d6a3d8b2fc886752cddbaf32cc4d79b.jpg
Specs' Twelve Adler Museum Cafe,http://northbeachbusinessassociation.com/site/wp-content/uploads/EasyRotatorStorage/user-content/erc_12_1355648003/content/assets/2-0.jpg
Starlight Room,http://rosetheatre.com/do-not-enter-or-modify-or-erase/client-uploads/About_the_Rose/700x400/LS20140804_starlightroom_013v2.jpg
State Bird Provisions,http://www.culturalchromatics.com/wp-content/uploads/2014/03/State-Bird-Provisions-7.jpg
Sundance Saloon,http://www.stompede.com/images/logos/SundanceSaloonLogo_200px.jpg
Suppenkuche,http://cdn1.vtourist.com/19/1932188-suppenkuche_logo_San_Francisco.jpg
Sushi Time,http://static.simpledesktops.com/uploads/desktops/2011/06/03/Sushi_Time.png.625x385_q100.png
Swan Oyster Depot,http://www.foodhoe.com/wp-content/uploads/2011/06/swanoysterdepot.jpg
Sweet Woodruff,http://images.fineartamerica.com/images-medium-large-5/sweet-woodruff-vic-harris.jpg
Swensen's,http://3.bp.blogspot.com/-mDEkxFys1D8/UFU8ybaGsXI/AAAAAAAABwg/pK9j7CBVZco/s1600/Swensen's.jpg
Tacolicious,http://blog.potterybarn.com/wp-content/uploads/2014/02/tacolicious.jpg
Terroir,http://winefolly.com/wp-content/uploads/2014/02/washington-wine-country-terroir1.png
The Alembic,http://media-cache-ak0.pinimg.com/736x/2f/0a/fb/2f0afbbc3a7f4118a511ac7482059f77.jpg
The Cinch,https://i04.hsncdn.com/is/image/HomeShoppingNetwork/prodfull/we-r-memory-keepers-the-cinch-book-binding-kit-d-20110921180709147~151785.jpg
The Endup,http://3.bp.blogspot.com/_RKDFrCwqG0g/TTgP6hAvJBI/AAAAAAAAFJU/KPP0jySSi98/s1600/The+End+Up.png
The Mix,http://www.forgingdestiny.com/wp-content/uploads/2013/03/TheMix.png
The Royale,http://www.nicholasrhea.co.uk/images/staff.jpg
The Saloon,http://media-cdn.tripadvisor.com/media/photo-s/01/56/e8/46/the-saloon.jpg
The Stud,http://148j0bi4onz34bau276pc8ce.wpengine.netdna-cdn.com/wp-content/uploads/1979/09/the_stud_front.jpg
Thee Parkside,http://c0056906.cdn2.cloudfiles.rackspacecloud.com/352490-2.jpg
Tin Vietnamese Cuisine,https://media-cdn.tripadvisor.com/media/photo-s/05/96/2d/22/tin-vietnamese-cuisine.jpg
Tommy's Joynt,http://media-cache-ak0.pinimg.com/736x/c6/69/6b/c6696bc1719ce54381ff14c282255c83.jpg
Tonga Room & Hurricane Bar,http://4.bp.blogspot.com/-qPbUiwZaBM8/T5934977V_I/AAAAAAAAHt4/M9kPSVtZVF8/s1600/1.%2Btonga%2Broom.jpg
Tony Nik's,https://msdnshared.blob.core.windows.net/media/MSDNBlogsFS/prod.evol.blogs.msdn.com/CommunityServer.Blogs.Components.WeblogFiles/00/00/01/29/92/6505.Anthony,%20Nik,%20Scott%20Hanselman,%20David%20Fowler%20&%20Phil%20Haack%20at%20the%20unveiling%20of%20Glimpse%20at%20Mix%2011.jpg
Tony's Pizza Napoletana,http://tonyspizzanapoletana.com/wp-content/uploads/2014/05/Tonys-Pizza-Napoletana_building.jpg
Toronado,http://www.otoresim.net/wp-content/upload/1967-Oldsmobile-Toronado-5.jpg
Tortas los Picudos,http://s3-media1.fl.yelpcdn.com/bphoto/0Qrobrf2m9RRualtUGQnwA/ls.jpg
Tosca Cafe,http://theglutton.net/wp-content/uploads/2013/11/Tosca-Cafe-San-Francisco-April-Bloomfield.jpg
Tropisueno,https://cdn3.gbot.me/photos/EI/AU/1357353333/-Tropisue_o-20000000005551154-500x375.jpg
Tunnel Top,http://img2.10bestmedia.com/Images/Photos/74589/tunnel-top-bar-sign_6_400x400_201211212038.jpg
Twin Peaks Tavern,http://media-cdn.tripadvisor.com/media/photo-s/01/56/e9/21/twin-peaks-tavern.jpg
Two Sisters Bar & Books,http://media-cache-ak0.pinimg.com/736x/8c/7d/f2/8c7df21b841ef9ed41d0385f84be9ab2.jpg
UVA Enoteca,http://www.e-catena.com/uploads/l_7_uva-enoteca.jpg
Vesuvio Cafe,http://fbl.ba/wp-content/uploads/2014/01/vesuvio.jpg
Vinyl SF,http://www.signvibe.com/image/cache/San%20Francisco%20Giants%20SF%20Vinyl%20Decal-400x400.jpg
Warfield Theatre,http://farm5.staticflickr.com/4101/4922462721_201796e9d4_z.jpg
Waterbar,http://3m1yvb3ekpj045f9t02a2ryq.wpengine.netdna-cdn.com/wp-content/uploads/2015/04/waterbar-waterbarsf.com_-360x240.jpg
Wayfare Tavern,http://flavorhoodoakland.com/wp-content/uploads/2014/03/wayfare_featured-1000x750.jpg
Whiskey Thieves,http://s3-media2.ak.yelpcdn.com/bphoto/baSUKj-lqVKDuJvP-uWuug/ls.jpg
Woodhouse Fish Company,http://ww2.hdnux.com/photos/06/71/04/1806597/9/920x920.jpg
Yield Wine Bar,https://media-cdn.tripadvisor.com/media/photo-s/05/e4/40/62/yield-wine-bar.jpg
Za Pizza,http://www.thefoodiesatwork.com/foodiesatwork/wp-content/uploads/2011/02/DSCN1409.jpg
Zam Zam,http://yaseenshareef.webs.com/photos/Islamic-Rare-Pictures/ZAM-ZAM-WELL.jpg
Zarzuela,http://jimenapulse.files.wordpress.com/2008/06/zarzuela.jpg
Zero Zero,http://www.kokidsbooks.com/images/Zero_cover.jpg
Zuni Cafe,http://thetexaspeach.com/wp-content/uploads/2012/02/Zuni-Cafe2.jpg
il Cane Rosso,http://media-cache-ec0.pinimg.com/736x/bb/d0/10/bbd0108f941aec927dea85881420a9aa.jpg
la mar cebicheria peruana,http://businessphotos.myarchn.com/_/rsrc/1375970902243/photoblog/lamarcebicheriaperuana/La%20Mar%20Cebicheria%20Peruana-4.jpg?height=varies&width=100%25